{"cameraMode":{"drawMode":0,"name":"Shaded","section":"Shading Mode"},"sceneLighting":true,"audioPlay":false,"sceneViewState":{"m_AlwaysRefresh":false,"showFog":true,"showSkybox":true,"showFlares":true,"showImageEffects":true,"showParticleSystems":true,"showVisualEffectGraphs":true,"m_FxEnabled":true},"in2DMode":false,"pivot":{"x":3.261209487915039,"y":9.189374923706055,"z":520.7925415039063},"rotation":{"x":0.12447430193424225,"y":-0.017025593668222429,"z":0.0022940270137041809,"w":0.9921382665634155},"size":2.085059881210327,"orthographic":false}